Date,Temperature_C,Humidity_Percent,Day_of_Week,Is_Holiday,Usage_kWh
2026-07-01,30.5,60,2,0,15.2
2026-07-02,31.2,58,3,0,16.5
2026-07-03,32.0,55,4,0,17.8
2026-07-04,33.5,52,5,0,19.2
2026-07-05,29.0,65,6,0,14.5
2026-07-06,28.5,68,0,0,13.8
2026-07-07,30.0,62,1,0,14.9
2026-07-08,31.5,59,2,0,16.2
2026-07-09,32.2,57,3,0,17.5
2026-07-10,34.0,50,4,0,20.1
2026-07-11,33.0,53,5,0,18.9
2026-07-12,28.0,70,6,0,13.2
2026-07-13,27.5,72,0,0,12.5
2026-07-14,29.5,64,1,0,14.1
2026-07-15,31.0,60,2,0,15.8
2026-07-16,28.7,72,3,0,14.4
2026-07-17,31.0,60,4,0,15.1
2026-07-18,25.6,77,5,0,11.7
2026-07-19,32.1,56,6,0,17.6
2026-07-20,33.3,56,0,0,17.0
2026-07-21,26.8,69,1,0,12.5
2026-07-22,29.3,64,2,0,14.7
2026-07-23,26.4,70,3,0,11.9
2026-07-24,29.6,69,4,0,14.1
2026-07-25,30.1,66,5,0,14.2
2026-07-26,31.1,60,6,0,15.0
2026-07-27,34.5,61,0,0,19.2
2026-07-28,28.0,65,1,0,13.8
2026-07-29,29.4,62,2,0,14.5
2026-07-30,25.3,78,3,0,10.8
2026-07-31,31.6,60,4,0,16.3
2026-08-01,30.5,61,5,0,16.3
2026-08-02,32.8,64,6,0,18.0
2026-08-03,31.0,67,0,0,15.0
2026-08-04,27.0,66,1,0,12.3
2026-08-05,28.9,65,2,0,14.8
2026-08-06,28.6,66,3,0,14.0
2026-08-07,26.4,75,4,0,11.3
2026-08-08,34.9,58,5,0,18.3
2026-08-09,25.1,78,6,0,11.5
2026-08-10,32.3,63,0,0,16.0
2026-08-11,28.6,64,1,0,14.6
2026-08-12,31.2,61,2,0,15.1
2026-08-13,28.1,67,3,0,13.9
2026-08-14,31.4,66,4,0,16.1
2026-08-15,26.2,75,5,0,12.5
2026-08-16,30.6,67,6,0,15.5
2026-08-17,30.2,64,0,0,14.2
2026-08-18,26.1,68,1,0,12.2
2026-08-19,28.1,69,2,0,14.3
2026-08-20,27.5,69,3,0,13.5
2026-08-21,27.3,66,4,0,12.4
2026-08-22,26.6,76,5,0,12.9
2026-08-23,31.3,66,6,0,16.6
2026-08-24,26.9,75,0,0,12.6
2026-08-25,33.1,63,1,0,17.1
2026-08-26,26.1,70,2,0,11.7
2026-08-27,33.2,62,3,0,16.6
2026-08-28,30.1,64,4,0,14.5
2026-08-29,26.2,71,5,0,12.8
2026-08-30,28.2,69,6,0,14.0
2026-08-31,28.6,73,0,0,14.8
2026-09-01,27.5,70,1,0,12.6
2026-09-02,27.8,65,2,0,13.5
2026-09-03,30.0,61,3,0,14.6
2026-09-04,34.1,54,4,0,17.6
2026-09-05,29.9,70,5,0,14.4
2026-09-06,31.7,64,6,0,15.8
2026-09-07,32.3,59,0,0,17.1
2026-09-08,31.3,63,1,0,15.2
2026-09-09,33.4,56,2,0,17.1
2026-09-10,25.4,75,3,0,11.7
2026-09-11,25.2,75,4,0,10.6
2026-09-12,31.5,59,5,0,16.6
2026-09-13,28.9,72,6,0,13.4
2026-09-14,28.4,64,0,0,14.6
2026-09-15,33.8,55,1,0,18.4
2026-09-16,33.2,59,2,0,17.6
2026-09-17,27.4,66,3,0,13.7
2026-09-18,34.0,58,4,0,17.9
2026-09-19,28.5,70,5,0,14.6
2026-09-20,33.9,60,6,0,18.4
2026-09-21,25.8,70,0,0,12.4
2026-09-22,31.1,58,1,0,15.1
2026-09-23,31.6,57,2,0,15.6
2026-09-24,30.5,66,3,0,15.7
2026-09-25,27.2,73,4,0,12.2
2026-09-26,28.3,71,5,0,13.9
2026-09-27,33.5,60,6,0,17.9
2026-09-28,25.9,72,0,0,11.3
2026-09-29,27.4,75,1,0,12.7
2026-09-30,33.9,59,2,0,18.7
2026-10-01,30.0,66,3,0,15.0
2026-10-02,27.0,73,4,0,12.2
2026-10-03,25.2,76,5,0,10.5
2026-10-04,34.4,61,6,0,19.3
2026-10-05,28.7,63,0,0,14.8
2026-10-06,29.3,71,1,0,15.4
2026-10-07,33.5,56,2,0,17.6
2026-10-08,33.5,56,3,0,17.1
2026-10-09,30.6,68,4,0,15.9
2026-10-10,30.7,60,5,0,15.8
2026-10-11,34.9,52,6,0,19.0
2026-10-12,33.8,60,0,0,18.4
2026-10-13,32.0,60,1,0,16.2
2026-10-14,33.1,62,2,0,18.2
2026-10-15,34.1,57,3,0,18.3
2026-10-16,33.0,60,4,0,17.8
2026-10-17,33.0,63,5,0,17.1
2026-10-18,28.8,63,6,0,14.2
2026-10-19,25.4,74,0,0,11.4
2026-10-20,27.9,70,1,0,12.4
2026-10-21,25.4,77,2,0,11.0
2026-10-22,26.3,73,3,0,12.6
2026-10-23,27.2,72,4,0,11.9
