Category,Resume
Data Scientist,"Senior Data Scientist with 7+ years of experience in machine learning, statistical modeling, and A/B testing. Expert in Python and R, with a strong focus on delivering actionable insights for product teams."
Data Scientist,"Junior Data Scientist with a passion for NLP and computer vision. Skilled in Python, Keras, and OpenCV. Capable of building robust prototypes and conducting thorough EDA on complex datasets."
Data Scientist,"Data Scientist with 5 years in fintech. Expert in fraud detection models, risk assessment, and time-series forecasting. Proficient in SQL, Python, and cloud-based ML pipelines."
Data Scientist,"Analytical Data Scientist with a focus on marketing analytics. Skilled in customer segmentation, churn prediction, and loyalty program optimization. Proficient in Tableau, Python, and Google Analytics."
Data Scientist,"Research-oriented Data Scientist with a PhD in Statistics. Specializes in causal inference, Bayesian modeling, and experimental design. Strong programming skills in R and Stan."
Data Scientist,"Data Scientist with 4 years of experience in e-commerce. Expert in recommendation engines, search relevance, and personalization algorithms using Spark and Python."
Data Scientist,"Healthcare Data Scientist with 6 years experience. Specialized in predictive modeling for patient outcomes, medical image analysis, and bioinformatics. Proficient in PyTorch and EHR data."
Data Scientist,"Versatile Data Scientist with a strong background in manufacturing analytics. Expert in predictive maintenance, IoT sensor data processing, and anomaly detection."
Data Scientist,"Data Scientist focusing on supply chain optimization. Experienced in inventory forecasting, logistics route optimization, and demand planning models using Python and Gurobi."
Data Scientist,"Data Scientist with 3 years in EdTech. Skilled in sentiment analysis, student performance modeling, and educational data mining. Proficient in Python, NLTK, and SQL."
Data Scientist,"Senior ML Engineer/Data Scientist with 8 years in the industry. Expert in MLOps, CI/CD for ML, and deploying models on Kubernetes. Strong focus on scalability and performance."
Data Scientist,"Data Scientist with a background in social media analytics. Skilled in network analysis, trend detection, and NLP. Proficient in Python, Gephi, and Spark."
Data Scientist,"Data Scientist with 5 years of experience in energy and utilities. Expert in time-series forecasting, grid demand prediction, and resource allocation models."
Data Scientist,"Data Scientist specializing in deep learning for audio processing. Experienced in speech-to-text models, noise reduction, and generative audio. Proficient in TensorFlow and Librosa."
Data Scientist,"Quantitative Data Scientist with 6 years in investment banking. Expert in portfolio optimization, algorithmic trading strategies, and financial risk modeling."
Data Scientist,"Data Scientist with 4 years experience in transportation and logistics. Expert in geospatial analysis, route optimization, and fleet management algorithms."
Data Scientist,"Data Scientist with 5 years in telecommunications. Skilled in customer lifecycle management, network traffic prediction, and churn modeling using Python and SAS."
Data Scientist,"Data Scientist focused on cybersecurity. Expert in intrusion detection systems, malware analysis using machine learning, and log data anomaly detection."
Data Scientist,"Applied Data Scientist with 7 years in retail. Expert in pricing strategies, demand forecasting, and store performance analysis. Proficient in SQL, Python, and PowerBI."
Data Scientist,"Data Scientist with 3 years in automotive industry. Skilled in sensor fusion, ADAS feature validation, and testing data analysis."
Data Scientist,"Data Scientist with 5 years experience in HR analytics. Expert in employee retention modeling, talent acquisition funnels, and workforce planning."
Data Scientist,"Data Scientist with a focus on environmental science. Expert in climate modeling, satellite image analysis, and sustainability metrics reporting."
Data Scientist,"Data Scientist with 6 years in insurance. Expert in actuarial data modeling, claim prediction, and risk segmentation using Python and R."
Data Scientist,"Data Scientist with 4 years in gaming. Expert in player behavior modeling, difficulty balancing, and monetization optimization."
Data Scientist,"Data Scientist specializing in recommender systems. 7 years of experience in collaborative filtering, matrix factorization, and deep learning-based recsys."
Web Developer,"Full-stack Developer with 5 years in MERN stack. Expert in building scalable single-page applications and optimizing database performance for high traffic."
Web Developer,"Front-end Developer with 6 years experience. Expert in React, Redux, and TypeScript. Committed to accessibility, performance, and clean, maintainable code."
Web Developer,"Back-end Developer with 4 years in Java and Spring Boot. Skilled in microservices architecture, Docker, and API gateway design."
Web Developer,"Web Developer specializing in CMS platforms (WordPress/Drupal). Experienced in custom theme development, plugin integration, and site security."
Web Developer,"Front-end Developer with 3 years experience. Proficient in Vue.js, Tailwind CSS, and Webpack. Focused on UI/UX design implementation."
Web Developer,"Full-stack Developer with 6 years in Python/Django and JavaScript. Experienced in building complex data-driven web applications for enterprise clients."
Web Developer,"Angular Developer with 5 years experience. Expert in complex state management, RxJS, and enterprise-grade application architecture."
Web Developer,"Back-end Developer with 4 years in Go and PostgreSQL. Focused on high-concurrency systems, gRPC, and performance optimization."
Web Developer,"Web Developer with 3 years experience in E-commerce (Shopify/Magento). Expert in theme customization and API integration for payment gateways."
Web Developer,"Full-stack Developer with 7 years experience. Proficient in Ruby on Rails, React, and AWS. Expert in rapid prototyping and full lifecycle deployment."
Web Developer,"Front-end Developer with 4 years experience. Specialized in interactive data visualization using D3.js and SVG."
Web Developer,"Web Developer with 5 years experience in PHP/Laravel. Skilled in building RESTful APIs, task scheduling, and integration with third-party SaaS tools."
Web Developer,"Back-end Developer with 6 years experience in Node.js, Express, and Redis. Expert in building real-time communication systems using Socket.io."
Web Developer,"Web Developer specializing in accessibility (a11y). 4 years of experience auditing sites and implementing WCAG standards."
Web Developer,"Front-end Developer with 3 years experience. Skilled in Svelte and modern CSS techniques for high-performance applications."
Web Developer,"Full-stack Developer with 5 years in C#/.NET Core and Angular. Experienced in enterprise application development and Windows Azure cloud services."
Web Developer,"Web Developer with 4 years experience in SEO and technical optimization. Proficient in Core Web Vitals, server-side rendering, and caching strategies."
Web Developer,"Back-end Developer with 5 years in Python/FastAPI. Focused on asynchronous processing, cloud-native architecture, and database performance tuning."
Web Developer,"Web Developer with 3 years in mobile-first web development. Expert in Progressive Web Apps (PWA) and cross-browser compatibility."
Web Developer,"Front-end Developer with 6 years experience in JavaScript and TypeScript. Expert in building design systems and component libraries."
Web Developer,"Full-stack Developer with 4 years experience in MERN and GraphQL. Experienced in managing complex data fetching and caching on the client side."
Web Developer,"Web Developer specializing in security. 5 years experience in identifying vulnerabilities and implementing secure authentication (OAuth/JWT) in web apps."
Web Developer,"Back-end Developer with 7 years in Java. Skilled in monolith-to-microservices migration and infrastructure as code (Terraform)."
Web Developer,"Web Developer with 3 years experience in UI/UX integration. Proficient in Figma to HTML/CSS conversion and motion design."
Web Developer,"Full-stack Developer with 5 years experience. Versatile across Python, JS, and SQL. Focused on end-to-end product development."
HR Specialist,"HR Generalist with 5 years of experience. Skilled in employee relations, conflict resolution, and policy implementation. Strong interpersonal communication."
HR Specialist,"Talent Acquisition Specialist with 4 years in high-volume hiring. Expert in sourcing strategies, interviewing, and offer management."
HR Specialist,"HR Business Partner with 7 years of experience. Strategic advisor to leadership on organizational design, culture, and employee engagement."
HR Specialist,"Compensation and Benefits Analyst with 5 years experience. Expert in salary benchmarking, incentive program design, and market analysis."
HR Specialist,"HR Specialist in Learning & Development (L&D). 4 years of experience creating training programs, workshops, and career development paths."
HR Specialist,"Payroll Administrator with 6 years of experience. Expert in tax compliance, benefits reconciliation, and payroll software management."
HR Specialist,"HR Coordinator with 3 years experience in administrative support, records management, and onboarding coordination."
HR Specialist,"Diversity, Equity, and Inclusion (DEI) Specialist with 4 years of experience. Focused on building inclusive policies and community outreach programs."
HR Specialist,"HR Operations Manager with 8 years experience. Expert in HRIS implementation (Workday/BambooHR) and process automation."
HR Specialist,"Talent Development Specialist with 5 years experience. Skilled in coaching, mentorship programs, and succession planning."
HR Specialist,"HR Generalist with 4 years experience. Proven track record in improving employee satisfaction scores through structured engagement initiatives."
HR Specialist,"Recruiter with 6 years experience, specializing in technical hiring (IT/Engineering). Strong network and deep understanding of technical skill sets."
HR Specialist,"HR Compliance Specialist with 7 years of experience. Deep knowledge of labor laws, EEO compliance, and documentation best practices."
HR Specialist,"Employee Relations Specialist with 5 years experience. Expert in handling grievances, investigations, and fostering a positive work environment."
HR Specialist,"HR Manager with 9 years experience. Skilled in change management, organizational restructuring, and strategic workforce planning."
HR Specialist,"Onboarding Specialist with 3 years experience. Focused on streamlining the new hire journey and integration into company culture."
HR Specialist,"HR Specialist in performance management. 5 years experience in designing evaluation frameworks, 360-degree reviews, and goal alignment."
HR Specialist,"HR Admin with 4 years experience in benefits administration, healthcare enrollment, and leave management."
HR Specialist,"HR Specialist with 6 years in startup environments. Skilled in building HR infrastructure from scratch, policy writing, and scaling teams."
HR Specialist,"Corporate Trainer with 5 years experience. Skilled in instructional design, workshop facilitation, and measuring training ROI."
HR Specialist,"HR Specialist in health and safety. 4 years experience in workplace compliance, risk assessment, and incident reporting."
HR Specialist,"Talent Acquisition Manager with 7 years experience. Strategic focus on employer branding and improving the candidate experience."
HR Specialist,"HR Generalist with 3 years experience. Strong administrative skills and ability to support across multiple HR functions."
HR Specialist,"HR Specialist in HR Analytics. 4 years experience in using data to drive retention strategies and workforce efficiency."
HR Specialist,"HR Specialist with 5 years experience in global mobility and international assignments management."
Advocate,"Litigator with 7 years of experience in civil court. Expert in trial advocacy, pleading drafting, and cross-examination strategies."
Advocate,"Corporate Counsel with 6 years experience. Specializes in contract review, negotiation, and corporate governance compliance."
Advocate,"Criminal Defense Advocate with 5 years experience. Expert in bail applications, trial management, and client advocacy."
Advocate,"Intellectual Property Attorney with 4 years experience. Focus on trademark registration, patent litigation, and copyright disputes."
Advocate,"Family Law Practitioner with 6 years experience. Expert in mediation, child custody cases, and matrimonial dispute resolution."
Advocate,"Labour Law Specialist with 5 years experience. Advisor on employment contracts, trade union relations, and industrial disputes."
Advocate,"Real Estate Lawyer with 7 years experience. Expert in property due diligence, conveyance, and land dispute litigation."
Advocate,"Tax Advocate with 6 years experience. Expert in tax planning, handling disputes with tax authorities, and appellate proceedings."
Advocate,"Banking and Finance Lawyer with 5 years experience. Focused on loan agreements, recovery proceedings, and regulatory compliance."
Advocate,"Consumer Protection Advocate with 4 years experience. Expert in handling consumer grievances and representing clients in Consumer Commissions."
Advocate,"Constitutional Law Expert with 8 years experience. Skilled in writ petitions, public interest litigation, and high court representation."
Advocate,"Environmental Law Specialist with 5 years experience. Focused on NGT (National Green Tribunal) matters and compliance advisory."
Advocate,"Arbitration Specialist with 6 years experience. Skilled in drafting arbitration agreements and representing clients in alternative dispute resolution."
Advocate,"Cyber Law Advocate with 4 years experience. Expert in data privacy, cybercrime litigation, and digital contract review."
Advocate,"Media and Entertainment Lawyer with 5 years experience. Expert in content licensing, production agreements, and defamation cases."
Advocate,"Immigration Lawyer with 6 years experience. Expert in visa applications, residency issues, and deportation defense."
Advocate,"Mergers & Acquisitions (M&A) Lawyer with 7 years experience. Skilled in due diligence, deal structuring, and regulatory filings."
Advocate,"Insolvency and Bankruptcy Advocate with 5 years experience. Focused on IBC proceedings and creditor representation."
Advocate,"Administrative Law Specialist with 4 years experience. Expert in government contract disputes and public procurement litigation."
Advocate,"Human Rights Advocate with 6 years experience. Dedicated to social justice, pro-bono work, and advocacy for marginalized groups."
Advocate,"Insurance Law Specialist with 5 years experience. Expert in policy interpretation and insurance claim dispute litigation."
Advocate,"Maritime Law Advocate with 4 years experience. Focused on shipping contracts, cargo disputes, and admiralty law."
Advocate,"International Trade Lawyer with 7 years experience. Expert in WTO regulations, import-export disputes, and customs law."
Advocate,"Legal Consultant with 5 years experience. Focused on preventive law, regulatory risk assessment, and corporate training."
Advocate,"Junior Advocate with 3 years experience in litigation support, legal research, and documentation for senior counsel."