Student_ID,GPA,Internships,Projects,Soft_Skills_Score,Placement_Status
1,3.8,3,4,9,Placed
2,2.4,0,1,5,Not Placed
3,3.2,1,2,7,Placed
4,3.9,4,5,10,Placed
5,2.1,0,0,4,Not Placed
6,3.5,2,3,8,Placed
7,2.8,1,1,6,Not Placed
8,3.6,3,3,9,Placed
9,2.5,0,1,5,Not Placed
10,3.7,2,4,8,Placed
11,3.1,1,2,7,Placed
12,2.2,0,0,3,Not Placed
13,3.9,4,5,10,Placed
14,3.4,2,3,7,Placed
15,2.6,0,1,5,Not Placed
16,3.8,3,4,9,Placed
17,3.0,1,2,6,Placed
18,2.3,0,0,4,Not Placed
19,3.7,2,3,8,Placed
20,3.3,1,2,7,Placed
21,2.7,1,1,5,Not Placed
22,3.9,5,5,10,Placed
23,3.5,2,3,8,Placed
24,2.4,0,1,4,Not Placed
25,3.6,3,4,9,Placed
26,3.2,1,2,7,Placed
27,2.1,0,0,3,Not Placed
28,3.8,4,4,9,Placed
29,3.4,2,3,8,Placed
30,2.5,0,1,5,Not Placed
31,3.7,3,3,9,Placed
32,3.0,1,2,6,Placed
33,2.2,0,0,4,Not Placed
34,3.9,4,5,10,Placed
35,3.3,2,2,7,Placed
36,2.8,1,1,5,Not Placed
37,3.6,2,3,8,Placed
38,3.5,3,4,9,Placed
39,2.4,0,1,4,Not Placed
40,3.7,3,4,8,Placed
41,3.1,1,2,7,Placed
42,2.3,0,0,3,Not Placed
43,3.9,5,5,10,Placed
44,3.4,2,3,7,Placed
45,2.6,0,1,5,Not Placed
46,3.8,3,4,9,Placed
47,3.2,1,2,6,Placed
48,2.1,0,0,4,Not Placed
49,3.7,2,3,8,Placed
50,3.3,1,2,7,Placed
51,2.7,1,1,5,Not Placed
52,3.9,4,5,10,Placed
53,3.5,2,3,8,Placed
54,2.4,0,1,4,Not Placed
55,3.6,3,4,9,Placed
56,3.1,1,2,7,Placed
57,2.2,0,0,3,Not Placed
58,3.8,4,4,9,Placed
59,3.4,2,3,8,Placed
60,2.5,0,1,5,Not Placed
61,3.7,3,3,9,Placed
62,3.0,1,2,6,Placed
63,2.3,0,0,4,Not Placed
64,3.9,4,5,10,Placed
65,3.3,2,2,7,Placed
66,2.8,1,1,5,Not Placed
67,3.6,2,3,8,Placed
68,3.5,3,4,9,Placed
69,2.4,0,1,4,Not Placed
70,3.7,3,4,8,Placed
71,3.1,1,2,7,Placed
72,2.2,0,0,3,Not Placed
73,3.9,5,5,10,Placed
74,3.4,2,3,7,Placed
75,2.6,0,1,5,Not Placed
76,3.8,3,4,9,Placed
77,3.2,1,2,6,Placed
78,2.1,0,0,4,Not Placed
79,3.7,2,3,8,Placed
80,3.3,1,2,7,Placed
81,2.7,1,1,5,Not Placed
82,3.9,4,5,10,Placed
83,3.5,2,3,8,Placed
84,2.4,0,1,4,Not Placed
85,3.6,3,4,9,Placed
86,3.1,1,2,7,Placed
87,2.2,0,0,3,Not Placed
88,3.8,4,4,9,Placed
89,3.4,2,3,8,Placed
90,2.5,0,1,5,Not Placed
91,3.7,3,3,9,Placed
92,3.0,1,2,6,Placed
93,2.3,0,0,4,Not Placed
94,3.9,4,5,10,Placed
95,3.3,2,2,7,Placed
96,2.8,1,1,5,Not Placed
97,3.6,2,3,8,Placed
98,3.5,3,4,9,Placed
99,2.4,0,1,4,Not Placed
100,3.7,3,4,8,Placed
101,3.1,1,2,7,Placed
102,2.2,0,0,3,Not Placed
103,3.9,5,5,10,Placed
104,3.4,2,3,7,Placed
105,2.6,0,1,5,Not Placed
106,3.8,3,4,9,Placed
107,3.2,1,2,6,Placed
108,2.1,0,0,4,Not Placed
109,3.7,2,3,8,Placed
110,3.3,1,2,7,Placed
111,2.7,1,1,5,Not Placed
112,3.9,4,5,10,Placed
113,3.5,2,3,8,Placed
114,2.4,0,1,4,Not Placed
115,3.6,3,4,9,Placed
116,3.1,1,2,7,Placed
117,2.2,0,0,3,Not Placed
118,3.8,4,4,9,Placed
119,3.4,2,3,8,Placed
120,2.5,0,1,5,Not Placed
121,3.7,3,3,9,Placed
122,3.0,1,2,6,Placed
123,2.3,0,0,4,Not Placed
124,3.9,4,5,10,Placed
125,3.3,2,2,7,Placed
126,2.8,1,1,5,Not Placed
127,3.6,2,3,8,Placed
128,3.5,3,4,9,Placed
129,2.4,0,1,4,Not Placed
130,3.7,3,4,8,Placed
131,3.1,1,2,7,Placed
132,2.2,0,0,3,Not Placed
133,3.9,5,5,10,Placed
134,3.4,2,3,7,Placed
135,2.6,0,1,5,Not Placed
136,3.8,3,4,9,Placed
137,3.2,1,2,6,Placed
138,2.1,0,0,4,Not Placed
139,3.7,2,3,8,Placed
140,3.3,1,2,7,Placed
141,2.7,1,1,5,Not Placed
142,3.9,4,5,10,Placed
143,3.5,2,3,8,Placed
144,2.4,0,1,4,Not Placed
145,3.6,3,4,9,Placed
146,3.1,1,2,7,Placed
147,2.2,0,0,3,Not Placed
148,3.8,4,4,9,Placed
149,3.4,2,3,8,Placed
150,2.5,0,1,5,Not Placed