Date,Habit_Name,Category,Status,Notes,Duration_Minutes,Mood_Score,Energy_Level
01-06-2026,Morning Meditation,Wellness,Completed,Felt focused,,,
01-06-2026,Read 30 mins,Growth,Incomplete,Too tired,,,
01-06-2026,Exercise,Fitness,Completed,Running,,,
02-06-2026,Morning Meditation,Wellness,Completed,Good start,,,
02-06-2026,Read 30 mins,Growth,Completed,Finished chapter 1,,,
02-06-2026,Exercise,Fitness,Incomplete,Rest day,,,
03-06-2026,Morning Meditation,Wellness,Completed,Quiet morning,,,
03-06-2026,Read 30 mins,Growth,Completed,Great insight,,,
03-06-2026,Exercise,Fitness,Completed,Strength training,,,
10-06-2026,Exercise,Fitness,Incomplete,Random log entry,31,5,High
13-06-2026,Read 30 mins,Growth,Completed,Random log entry,23,5,High
21-06-2026,Morning Meditation,Wellness,Incomplete,Random log entry,19,1,High
27-06-2026,Learn Coding,Growth,Incomplete,Random log entry,13,2,Medium
23-06-2026,Read 30 mins,Growth,Incomplete,Random log entry,34,4,Low
06-06-2026,Exercise,Fitness,Incomplete,Random log entry,54,1,Medium
11-06-2026,Read 30 mins,Growth,Completed,Random log entry,51,2,Medium
08-06-2026,Read 30 mins,Growth,Completed,Random log entry,13,4,Medium
09-06-2026,Exercise,Fitness,Incomplete,Random log entry,59,2,Medium
02-07-2026,Journaling,Wellness,Completed,Random log entry,39,5,Low
20-06-2026,Read 30 mins,Growth,Completed,Random log entry,17,2,Medium
21-06-2026,Read 30 mins,Growth,Completed,Random log entry,53,2,Low
02-07-2026,Yoga,Fitness,Incomplete,Random log entry,52,1,High
30-06-2026,Exercise,Fitness,Incomplete,Random log entry,55,4,High
19-06-2026,Learn Coding,Growth,Incomplete,Random log entry,11,4,Low
25-06-2026,Read 30 mins,Growth,Incomplete,Random log entry,34,3,Low
29-06-2026,Read 30 mins,Growth,Incomplete,Random log entry,49,5,Medium
16-06-2026,Yoga,Fitness,Completed,Random log entry,51,3,Medium
18-06-2026,Exercise,Fitness,Incomplete,Random log entry,26,1,Low
21-06-2026,Exercise,Fitness,Completed,Random log entry,29,1,Medium
18-06-2026,Journaling,Wellness,Incomplete,Random log entry,13,3,Low
04-06-2026,Learn Coding,Growth,Incomplete,Random log entry,17,1,Medium
28-06-2026,Read 30 mins,Growth,Incomplete,Random log entry,40,1,Low
12-06-2026,Read 30 mins,Growth,Completed,Random log entry,26,3,Low
18-06-2026,Journaling,Wellness,Incomplete,Random log entry,46,4,Medium
24-06-2026,Read 30 mins,Growth,Incomplete,Random log entry,26,2,Medium
16-06-2026,Exercise,Fitness,Incomplete,Random log entry,15,4,Medium
29-06-2026,Read 30 mins,Growth,Incomplete,Random log entry,41,5,Medium
25-06-2026,Yoga,Fitness,Completed,Random log entry,19,5,Low
03-07-2026,Exercise,Fitness,Completed,Random log entry,15,2,Low
01-07-2026,Read 30 mins,Growth,Incomplete,Random log entry,50,5,Low
25-06-2026,Journaling,Wellness,Incomplete,Random log entry,20,4,Medium
25-06-2026,Morning Meditation,Wellness,Incomplete,Random log entry,20,3,Low
23-06-2026,Journaling,Wellness,Incomplete,Random log entry,19,4,High
23-06-2026,Morning Meditation,Wellness,Incomplete,Random log entry,22,5,High
23-06-2026,Morning Meditation,Wellness,Incomplete,Random log entry,56,2,Medium
25-06-2026,Yoga,Fitness,Completed,Random log entry,31,2,Low
15-06-2026,Journaling,Wellness,Incomplete,Random log entry,19,2,Low
01-07-2026,Exercise,Fitness,Incomplete,Random log entry,38,3,High
17-06-2026,Morning Meditation,Wellness,Incomplete,Random log entry,53,3,Low
22-06-2026,Morning Meditation,Wellness,Completed,Random log entry,32,4,Medium
05-06-2026,Yoga,Fitness,Incomplete,Random log entry,12,2,High
09-06-2026,Yoga,Fitness,Incomplete,Random log entry,19,5,Medium
17-06-2026,Read 30 mins,Growth,Incomplete,Random log entry,36,5,Medium
03-07-2026,Journaling,Wellness,Incomplete,Random log entry,13,4,Medium
25-06-2026,Journaling,Wellness,Completed,Random log entry,10,1,Low
03-07-2026,Read 30 mins,Growth,Completed,Random log entry,27,4,Medium
18-06-2026,Exercise,Fitness,Incomplete,Random log entry,51,2,High
17-06-2026,Journaling,Wellness,Incomplete,Random log entry,46,1,Medium
11-06-2026,Read 30 mins,Growth,Completed,Random log entry,60,5,Medium
