Order_ID,Order_Date,Customer_ID,Item_Name,Category,Quantity,Price,Delivery_Time_Min,Customer_Rating,Location
ORD1001,2026-06-01,C001,Milk,Dairy,2,50,15,4.5,Sector 1
ORD1002,2026-06-01,C002,Bread,Bakery,1,30,20,4.0,Sector 2
ORD1003,2026-06-02,C003,Eggs,Dairy,1,60,18,5.0,Sector 1
ORD1004,2026-06-02,C004,Apples,Fruits,4,120,25,3.5,Sector 3
ORD1005,2026-06-03,C005,Chips,Snacks,3,90,12,4.2,Sector 2
ORD1006,2026-06-03,C001,Butter,Dairy,1,100,22,4.8,Sector 1
ORD1007,2026-06-04,C006,Tomato,Vegetables,5,40,30,3.0,Sector 3
ORD1008,2026-06-04,C007,Juice,Beverages,2,150,15,4.6,Sector 2
ORD1009,2026-06-05,C003,Milk,Dairy,1,50,14,4.7,Sector 1
ORD1010,2026-06-05,C008,Bread,Bakery,2,60,19,4.1,Sector 3
ORD1011,2026-06-23,C014,Milk,Dairy,10,500,26,2.6,Sector 3
ORD1012,2026-06-21,C048,Milk,Dairy,7,350,34,3.6,Sector 2
ORD1013,2026-06-10,C027,Apples,Fruits,10,300,15,3.2,Sector 3
ORD1014,2026-06-21,C018,Onion,Vegetables,9,180,37,2.3,Sector 1
ORD1015,2026-06-09,C029,Butter,Dairy,1,100,17,2.7,Sector 3
ORD1016,2026-06-23,C027,Bread,Bakery,5,150,40,2.0,Sector 2
ORD1017,2026-06-19,C046,Chips,Snacks,1,30,20,4.3,Sector 2
ORD1018,2026-06-14,C042,Banana,Fruits,4,20,24,3.4,Sector 3
ORD1019,2026-06-22,C039,Onion,Vegetables,5,100,32,2.2,Sector 2
ORD1020,2026-06-09,C032,Butter,Dairy,3,300,23,4.4,Sector 3
ORD1021,2026-06-14,C027,Juice,Beverages,6,450,44,5.0,Sector 3
ORD1022,2026-06-15,C006,Onion,Vegetables,9,180,11,2.3,Sector 3
ORD1023,2026-06-18,C018,Juice,Beverages,3,225,16,3.4,Sector 2
ORD1024,2026-06-18,C044,Banana,Fruits,6,30,14,2.2,Sector 1
ORD1025,2026-06-19,C005,Eggs,Dairy,7,420,35,2.1,Sector 2
ORD1026,2026-06-08,C045,Onion,Vegetables,3,60,40,2.4,Sector 2
ORD1027,2026-06-13,C008,Juice,Beverages,9,675,26,2.3,Sector 2
ORD1028,2026-06-09,C050,Onion,Vegetables,4,80,32,3.6,Sector 3
ORD1029,2026-06-12,C034,Bread,Bakery,2,60,29,2.9,Sector 3
ORD1030,2026-06-24,C008,Eggs,Dairy,10,600,32,2.3,Sector 3
ORD1031,2026-06-19,C025,Tomato,Vegetables,1,8,26,2.9,Sector 2
ORD1032,2026-06-24,C049,Bread,Bakery,1,30,31,3.3,Sector 3
ORD1033,2026-06-21,C027,Onion,Vegetables,7,140,34,4.3,Sector 1
ORD1034,2026-06-11,C033,Onion,Vegetables,8,160,45,4.3,Sector 1
ORD1035,2026-06-16,C045,Butter,Dairy,7,700,13,4.7,Sector 3
ORD1036,2026-06-19,C015,Butter,Dairy,10,1000,35,2.2,Sector 2
ORD1037,2026-06-15,C001,Banana,Fruits,8,40,20,4.5,Sector 3
ORD1038,2026-06-07,C037,Juice,Beverages,2,150,19,4.3,Sector 2
ORD1039,2026-06-25,C049,Juice,Beverages,6,450,30,3.4,Sector 2
ORD1040,2026-06-12,C012,Bread,Bakery,5,150,10,3.4,Sector 3
ORD1041,2026-06-24,C040,Banana,Fruits,3,15,27,3.5,Sector 2
ORD1042,2026-06-09,C030,Juice,Beverages,7,525,33,4.5,Sector 1
ORD1043,2026-06-21,C012,Apples,Fruits,6,180,19,2.8,Sector 3
ORD1044,2026-06-15,C042,Onion,Vegetables,1,20,30,4.6,Sector 1
ORD1045,2026-06-22,C045,Banana,Fruits,4,20,19,3.0,Sector 3
ORD1046,2026-06-17,C005,Eggs,Dairy,8,480,40,2.3,Sector 3
ORD1047,2026-06-22,C043,Milk,Dairy,9,450,35,4.6,Sector 3
ORD1048,2026-06-24,C018,Banana,Fruits,7,35,19,3.6,Sector 3
ORD1049,2026-06-23,C030,Apples,Fruits,10,300,18,3.5,Sector 2
ORD1050,2026-06-18,C011,Milk,Dairy,8,400,44,2.3,Sector 3
ORD1051,2026-06-12,C038,Eggs,Dairy,10,600,41,2.5,Sector 2
ORD1052,2026-06-25,C023,Apples,Fruits,5,150,40,2.6,Sector 1
ORD1053,2026-06-23,C041,Banana,Fruits,2,10,20,2.1,Sector 2
ORD1054,2026-06-23,C018,Milk,Dairy,5,250,20,4.8,Sector 1
ORD1055,2026-06-24,C015,Eggs,Dairy,6,360,10,3.0,Sector 1
ORD1056,2026-06-08,C050,Onion,Vegetables,2,40,43,4.7,Sector 1
ORD1057,2026-06-10,C003,Butter,Dairy,4,400,33,2.8,Sector 3
ORD1058,2026-06-12,C006,Onion,Vegetables,6,120,16,4.6,Sector 2
ORD1059,2026-06-18,C027,Butter,Dairy,7,700,29,4.7,Sector 2
ORD1060,2026-06-07,C034,Banana,Fruits,9,45,42,2.7,Sector 3
