call_id,agent_id,customer_name,call_date,call_time,duration_minutes,call_type,resolution_status,csat_score
C1021,A01,James Anderson,2026-06-25,08:15:00,12,Billing,Resolved,4
C1022,A03,Mary Johnson,2026-06-25,09:22:00,15,Technical Support,Resolved,5
C1023,A05,Patricia Williams,2026-06-25,10:05:00,45,Complaints,Escalated,1
C1024,A02,Robert Brown,2026-06-25,11:30:00,8,Inquiry,Resolved,4
C1025,A04,Jennifer Jones,2026-06-25,12:45:00,20,Billing,Pending,3
C1026,A01,Linda Garcia,2026-06-25,13:10:00,5,Inquiry,Resolved,5
C1027,A03,Elizabeth Miller,2026-06-25,14:20:00,32,Technical Support,Escalated,2
C1028,A02,William Davis,2026-06-26,08:50:00,10,Billing,Resolved,4
C1029,A05,Barbara Rodriguez,2026-06-26,09:15:00,28,Complaints,Pending,3
C1030,A04,Richard Martinez,2026-06-26,10:05:00,7,Inquiry,Resolved,5
C1031,A01,Susan Hernandez,2026-06-26,11:40:00,19,Technical Support,Resolved,4
C1032,A03,Joseph Lopez,2026-06-26,12:15:00,14,Billing,Resolved,5
C1033,A02,Jessica Gonzalez,2026-06-26,13:50:00,9,Inquiry,Resolved,4
C1034,A05,Thomas Wilson,2026-06-27,08:05:00,35,Complaints,Escalated,2
C1035,A04,Sarah Anderson,2026-06-27,09:30:00,6,Billing,Resolved,5
C1036,A01,Charles Thomas,2026-06-27,10:45:00,21,Technical Support,Resolved,4
C1037,A03,Karen Taylor,2026-06-27,11:55:00,4,Inquiry,Resolved,5
C1038,A02,Christopher Moore,2026-06-27,13:10:00,29,Complaints,Pending,2
C1039,A05,Nancy Jackson,2026-06-27,14:45:00,12,Billing,Resolved,4
C1040,A04,Daniel Martin,2026-06-27,15:30:00,18,Technical Support,Resolved,5
C1041,A01,Lisa Lee,2026-06-28,09:10:00,25,Complaints,Escalated,1
C1042,A03,Matthew Perez,2026-06-28,10:25:00,11,Inquiry,Resolved,4
C1043,A02,Betty Thompson,2026-06-28,11:50:00,33,Technical Support,Pending,3
C1044,A05,Anthony White,2026-06-28,13:05:00,7,Billing,Resolved,5
C1045,A04,Margaret Harris,2026-06-28,14:20:00,14,Inquiry,Resolved,4
C1046,A01,Mark Sanchez,2026-06-28,15:45:00,22,Complaints,Escalated,2
C1047,A03,Sandra Clark,2026-06-29,08:30:00,16,Billing,Resolved,4
C1048,A02,Donald Ramirez,2026-06-29,09:55:00,5,Inquiry,Resolved,5
C1049,A05,Ashley Lewis,2026-06-29,10:40:00,28,Technical Support,Pending,3
C1050,A04,Steven Robinson,2026-06-29,12:15:00,13,Billing,Resolved,4
C1051,A01,Kimberly Walker,2026-06-29,13:50:00,9,Inquiry,Resolved,5
C1052,A03,Paul Young,2026-06-29,14:25:00,38,Complaints,Escalated,2
C1053,A02,Emily Allen,2026-06-30,08:10:00,11,Billing,Resolved,5
C1054,A05,Andrew King,2026-06-30,09:40:00,22,Technical Support,Resolved,4
C1055,A04,Donna Wright,2026-06-30,11:05:00,6,Inquiry,Resolved,5
C1056,A01,Joshua Scott,2026-06-30,12:30:00,19,Complaints,Pending,3
C1057,A03,Michelle Torres,2026-06-30,13:55:00,14,Billing,Resolved,4
C1058,A02,Kenneth Nguyen,2026-06-30,15:10:00,27,Technical Support,Escalated,2
C1059,A05,Dorothy Hill,2026-07-01,09:05:00,8,Inquiry,Resolved,5
C1060,A04,Kevin Flores,2026-07-01,10:35:00,30,Complaints,Pending,3
C1061,A01,Carol Green,2026-07-01,11:50:00,15,Billing,Resolved,4
C1062,A03,Brian Adams,2026-07-01,13:15:00,5,Inquiry,Resolved,5
C1063,A02,Amanda Nelson,2026-07-01,14:40:00,24,Technical Support,Escalated,1
C1064,A05,George Baker,2026-07-01,16:05:00,11,Billing,Resolved,4
C1065,A04,Melissa Hall,2026-07-02,08:30:00,17,Inquiry,Resolved,5
C1066,A01,Timothy Rivera,2026-07-02,09:55:00,35,Complaints,Escalated,2
C1067,A03,Deborah Campbell,2026-07-02,11:20:00,9,Billing,Resolved,4
C1068,A02,Ronald Mitchell,2026-07-02,12:45:00,20,Technical Support,Pending,3
C1069,A05,Stephanie Carter,2026-07-02,14:10:00,6,Inquiry,Resolved,5
C1070,A04,Edward Roberts,2026-07-02,15:35:00,29,Complaints,Pending,3
C1071,A01,Rebecca Gomez,2026-07-03,09:15:00,13,Billing,Resolved,4
C1072,A03,Jason Phillips,2026-07-03,10:40:00,5,Inquiry,Resolved,5
C1073,A02,Sharon Evans,2026-07-03,12:05:00,26,Technical Support,Escalated,2
C1074,A05,Jeffrey Turner,2026-07-03,13:30:00,18,Billing,Resolved,4
C1075,A04,Laura Diaz,2026-07-03,14:55:00,7,Inquiry,Resolved,5
C1076,A01,Ryan Parker,2026-07-04,08:50:00,34,Complaints,Escalated,1
C1077,A03,Cynthia Cruz,2026-07-04,10:15:00,12,Billing,Resolved,4
C1078,A02,Jacob Edwards,2026-07-04,11:40:00,21,Technical Support,Pending,3
C1079,A05,Kathleen Collins,2026-07-04,13:05:00,9,Inquiry,Resolved,5
C1080,A04,Gary Reyes,2026-07-04,14:30:00,16,Billing,Resolved,4
C1081,A01,Amy Stewart,2026-07-05,09:20:00,25,Technical Support,Escalated,2
C1082,A03,Nicholas Morris,2026-07-05,10:45:00,4,Inquiry,Resolved,5
C1083,A02,Shirley Morales,2026-07-05,12:10:00,31,Complaints,Pending,3
C1084,A05,Eric Murphy,2026-07-05,13:35:00,14,Billing,Resolved,4
C1085,A04,Angela Cook,2026-07-05,15:00:00,8,Inquiry,Resolved,5
C1086,A01,Jonathan Rogers,2026-07-06,09:05:00,22,Technical Support,Resolved,4
C1087,A03,Helen Gutierrez,2026-07-06,10:30:00,19,Billing,Resolved,5
C1088,A02,Stephen Ortiz,2026-07-06,11:55:00,6,Inquiry,Resolved,4
C1089,A05,Anna Morgan,2026-07-06,13:20:00,36,Complaints,Escalated,1
C1090,A04,Larry Bell,2026-07-06,14:45:00,12,Billing,Pending,3
C1091,A01,Brenda Murphy,2026-07-07,09:15:00,28,Technical Support,Resolved,4
C1092,A03,Justin Bailey,2026-07-07,10:40:00,7,Inquiry,Resolved,5
C1093,A02,Pamela Rivera,2026-07-07,12:05:00,15,Billing,Resolved,4
C1094,A05,Scott Cooper,2026-07-07,13:30:00,24,Complaints,Escalated,2
C1095,A04,Nicole Richardson,2026-07-07,14:55:00,9,Inquiry,Resolved,5
C1096,A01,Brandon Cox,2026-07-08,08:50:00,13,Billing,Resolved,4
C1097,A03,Emma Howard,2026-07-08,10:15:00,20,Technical Support,Pending,3
C1098,A02,Benjamin Ward,2026-07-08,11:40:00,5,Inquiry,Resolved,5
C1099,A05,Samantha Torres,2026-07-08,13:05:00,33,Complaints,Escalated,2
C1100,A04,Samuel Peterson,2026-07-08,14:30:00,11,Billing,Resolved,4
C1101,A01,Katherine Gray,2026-07-09,09:25:00,18,Technical Support,Resolved,5
C1102,A03,Gregory Ramirez,2026-07-09,10:50:00,6,Inquiry,Resolved,4
C1103,A02,Christine James,2026-07-09,12:15:00,27,Billing,Pending,3
C1104,A05,Alexander Watson,2026-07-09,13:40:00,14,Technical Support,Resolved,5
C1105,A04,Debra Brooks,2026-07-09,15:05:00,9,Inquiry,Resolved,4
C1106,A01,Frank Kelly,2026-07-10,09:00:00,38,Complaints,Escalated,1
C1107,A03,Rachel Sanders,2026-07-10,10:25:00,12,Billing,Resolved,5
C1108,A02,Patrick Price,2026-07-10,11:50:00,21,Technical Support,Resolved,4
C1109,A05,Catherine Bennett,2026-07-10,13:15:00,7,Inquiry,Resolved,5
C1110,A04,Raymond Wood,2026-07-10,14:40:00,30,Complaints,Pending,3
C1111,A01,Carolyn Barnes,2026-07-11,09:10:00,16,Billing,Resolved,4
C1112,A03,Jack Ross,2026-07-11,10:35:00,5,Inquiry,Resolved,5
C1113,A02,Janet Henderson,2026-07-11,12:00:00,29,Technical Support,Escalated,2
C1114,A05,Dennis Coleman,2026-07-11,13:25:00,10,Billing,Resolved,4
C1115,A04,Ruth Jenkins,2026-07-11,14:50:00,8,Inquiry,Resolved,5
C1116,A01,Jerry Perry,2026-07-12,09:05:00,34,Complaints,Escalated,2
C1117,A03,Maria Powell,2026-07-12,10:30:00,14,Billing,Resolved,4
C1118,A02,Tyler Long,2026-07-12,11:55:00,23,Technical Support,Pending,3
C1119,A05,Heather Patterson,2026-07-12,13:20:00,6,Inquiry,Resolved,5
C1120,A04,Aaron Hughes,2026-07-12,14:45:00,19,Complaints,Resolved,4